"id_order","product_id","product_name","product_price"
"1892","278","Czapka z kaszmiru w kolorze czarnym","160.000000"
"1892","1006","Wielokolorowy szal indyjski","129.000000"
"1892","1168","Delikatny szal z kaszmiru","349.000000"
"2308","164","Szal z jedwabiu dwustronny, opalizujący, niebieski i szary","169.000000"
"2308","162","Szal z jedwabiu w kolorze seledynowym","89.000000"
"2308","2222","Wielokolorowy szal indyjski","164.000000"
"2362","2108","Szary szal z jedwabiu, wzór paisley","129.000000"
"2362","2188","Bordowy wełniany szal indyjski","185.000000"
"2562","2118","Czerwony szal z jedwabiu, wzór paisley","129.000000"
"2562","157","Śliczny szal z jedwabiu dwustronny ciemno różowy – czerwony","169.000000"
"2599","155","Szal z jedwabiu kolorze błękitnym","99.000000"
"2599","171","Szal z jedwabiu w kolorze żółtym","59.000000"
"2599","158","Szal z jedwabiu w kolorze ciemno różowym","59.000000"
"2633","24","Delikatny  szal z kaszmiru z podwójnym przelplotem w kolorze bordowym","460.000000"
"2633","29","Delikatny  szal z kaszmiru z podwójnym przelplotem w kolorze fioletowym","460.000000"
"2633","30","Delikatny  szal z kaszmiru z podwójnym przelplotem w kolorze kremowym","460.000000"
"2633","51","Śliczny ręcznie wykonany szal z kaszmiru w kolorze białym","280.000000"
"2633","1764","Śliczny ręcznie wykonany szal z kaszmiru w kolorze bordowym","280.000000"
"2633","0","Śliczny ręcznie wykonany szal z kaszmiru w kolorze fioletowym","280.000000"
"2633","1727","Śliczny ręcznie wykonany szal z kaszmiru w kolorze jasny szary","280.000000"
"2633","90","Śliczny ręcznie wykonany szal z kaszmiru w kolorze kremowym","280.000000"
"2633","106","Śliczny ręcznie wykonany szal z kaszmiru w kolorze szarym","280.000000"
"2633","69","Śliczny ręcznie wykonany szal z kaszmiru w kolorze łososiowy","280.000000"
"2702","0","Delikatny ręcznie wykonany szal z kaszmiru w kolorze czarnym","379.000000"
"2702","2489","Delikatny, elegancki szal z kaszmiru, w kolorze czarnym","299.000000"
"2702","2422","Delikatny ręcznie wykonany szal z kaszmiru w kolorze jasno zielonym","379.000000"
"3289","280","Czapka z kaszmiru w kolorze perłowo szarym","160.000000"
"3289","97","Śliczny ręcznie wykonany szal z kaszmiru w kolorze perłowy szary","220.000000"
"3359","221","Szal indyjski w kolorze czerwonym","126.000000"
"3359","2255","Czerwony szal z wełny","99.000000"
"5034","4841","Szal z jedwabiu wielokolorowy","160.000000"
"5034","4334","Szal z jedwabiu dwustronny, w kolorze czerwono granatowym","110.000000"
"5034","4853","Pomarańczowy szal z jedwabiu, wzór paisley","129.000000"
"5034","4874","Fioletowo różowy szal z jedwabiu, wzór paisley","129.000000"
"5034","1265","Granatowy szal z wełny","99.000000"
"5034","4171","Torebka zdobiona cyrkoniami, w kolorze fuksji","119.000000"
"5035","4576","Szal dwustronny z wełny cieniowany w kolorze fioletowo różowym","149.000000"
"5035","4171","Torebka zdobiona cyrkoniami, w kolorze fuksji","119.000000"
"5035","4961","Szaro fioletowy szal z jedwabiu, wzór orientalny","129.000000"
"5035","2212","Fioletowy szal indyjski","164.000000"
"5036","4595","Szal z jedwabiu w kolorze czarno fioletowym","155.000000"
"5036","4171","Torebka zdobiona cyrkoniami, w kolorze fuksji","119.000000"
"5189","40","Delikatny ręcznie wykonany szal z kaszmiru w kolorze kości słoniowej","379.000000"
"5189","35","Delikatny ręcznie wykonany szal z kaszmiru w kolorze delikatny róż","379.000000"
"6426","198","Szal z wełny w kratę","99.000000"
"6426","4366","Szal z wełny w kratę","99.000000"
"6426","4477","Bordowy szal z wełny","99.000000"
"6889","1322","Szal indyjski wielokolorowy wyszywany","109.000000"
"6889","6034","Szal indyjski w kolorze bordowym","99.000000"
"6889","6040","Szal indyjski w kolorze bordowym","99.000000"
"6909","1375","Szal indyjski w kolorze zielonym","159.000000"
"6909","6379","Czapka z kaszmiru męska, cieniowana w kolorze brązowym","179.000000"
"6909","6576","Wielokolorowy szal indyjski","164.000000"
"6909","6377","Czapka z kaszmiru męska w kolorze granatowym","179.000000"
"6909","2251","Czarny szal z wełny","99.000000"
"6925","6440","Śliczny ręcznie wykonany szal z kaszmiru w kolorze niebieskim","260.000000"
"6925","6363","Czapka z kaszmiru cieniowana w kolorze fioletowym","179.000000"
"6925","6361","Czapka z kaszmiru cieniowana w kolorze zielonym","179.000000"
"7236","2251","Czarny szal z wełny","99.000000"
"7236","7183","Kobaltowy szal z wełny","99.000000"
"7460","7217","Wyszywany szal Aari z wełny merino w kolorze beżowym","279.000000"
"7460","154","Szal  z jedwabiu w kolorze miedzianym","79.000000"
"7460","6654","Szal z jedwabiu dwustronny, wielokolorowy","120.000000"
"7460","185","Szal z jedwabiu w kolorze żółto-pomarańczowym","79.000000"
"7460","169","Szal z jedwabiu w kolorze jasno zielonym","79.000000"
"7460","7253","Szal z wełny merino z wzorem orientalnym","279.000000"
"7460","2720","Ręcznie malowany szal o wzorze współczesnym","155.000000"
"7460","6651","Szal z jedwabiu dwustronny, wielokolorowy","120.000000"
"7460","6381","Czapka z kaszmiru męska, cieniowana w kolorze zielonym","179.000000"
"7483","6929","Szal z kaszmiru z podwójnym przeplotem w kolorze bordowym","460.000000"
"7483","2729","Ręcznie malowany szal o wzorze współczesnym","155.000000"
"7487","3203","Śliczny ręcznie wykonany szal z kaszmiru w kolorze kości słoniowej","349.000000"
"7487","138","Śliczny szal 70% Kaszmir 30% Jedwab w kolorze jasno różowy","215.000000"
"7487","4844","Szal z jedwabiu w kolorze fioletowym","172.000000"
"7491","5282","Szal z wełny merino w kolorze szmaragdowym","170.000000"
"7491","6129","Szal z kaszmiru cieniowany szary","269.000000"
"7501","6885","Szal indyjski w kolorze błękitnym, wzór orientalny","120.000000"
"7501","6582","Szaro granatowy szal indyjski","164.000000"
"7501","7201","Szal indyjski w kolorze czerwonym","84.000000"
"7501","6621","Wełniany szal indyjski w kolorze zielonym","199.000000"
"7501","168","Szal z jedwabiu w kolorze ciemno zielonym","79.000000"
"7511","7238","Szal z wełny merino z wzorem orientalnym","279.000000"
"7511","6490","Szal indyjski w kolorze niebieskim","84.000000"
"7511","6648","Wełniany szal indyjski w kolorze ciemno czerwonym","199.000000"
"7511","6599","Czerwony szal indyjski","164.000000"
"7743","7651","Bordowy szal z jedwabiu, wzór orientalny","146.000000"
"7743","7543","Szal z wełny merino cieniowany w kolorze beżowym brązowym","190.000000"
"7743","5849","Szal z wełny merino cieniowany w kolorze błękitnym, niebieskim","190.000000"
"7760","2374","Delikatny ręcznie wykonany szal z kaszmiru cieniowany","409.000000"
"7760","2377","Delikatny ręcznie wykonany szal z kaszmiru cieniowany","409.000000"
"7761","4916","Ciemno złoty szal z jedwabiu, wzór paisley","146.000000"
"7761","7691","Bordowy szal z jedwabiu, wzór orientalny","146.000000"
"7761","7651","Bordowy szal z jedwabiu, wzór orientalny","146.000000"
"7762","5849","Szal z wełny merino cieniowany w kolorze błękitnym, niebieskim","190.000000"
"7762","5810","Szal z wełny merino cieniowany w kolorze czerwono brązowym","190.000000"
"7805","6239","Szal 70% Kaszmir 30% Jedwab w kolorze cappuccino","275.000000"
"7805","7654","Fioletowy szal z jedwabiu, wzór orientalny","146.000000"
"8275","4802","Szal z jedwabiu wielokolorowy","155.000000"
"8275","2486","szal z jedwabiu w kolorze jasno zielonym","110.000000"
"8275","2717","Ręcznie malowany szal w kolorach lata","135.000000"
"8392","5329","Szal z wełny merino w kolorze białym","170.000000"
"8392","8380","Szal z wełny merino w kolorze kości słoniowej","170.000000"
"8450","8438","Śliczny ręcznie wykonany szal z kaszmiru w kolorze ecru","259.000000"
"8450","121","Delikatny, elegancki szal  z kaszmiru biały","299.000000"
"8471","6963","Wełniany szal indyjski Kani","255.000000"
"8471","6331","Fioletowo zielony szal indyjski","164.000000"
"8471","2164","Szal indyjski w kolorze bordowym","159.000000"
"8471","6015","Szal indyjski w kolorze jasno brązowym","99.000000"
"8471","6037","Szal indyjski w kolorze bordowym","99.000000"
"8514","5689","Wyszywany szal Aari z wełny merino w kolorze ecru","279.000000"
"8514","5364","Szal z wełny ze wzorem żakardowym w kolorze kremowym","170.000000"
"8517","5397","Szal z wełny ze wzorem żakardowym w kolorze czarnym","170.000000"
"8517","7250","Szal z wełny merino z wzorem orientalnym","279.000000"
"8517","7289","Szal z wełny merino z wzorem orientalnym","279.000000"
"8517","7295","Szal z wełny merino z wzorem orientalnym","279.000000"
"8517","4885","Niebiesko pomarańczowy szal z jedwabiu, wzór paisley","146.000000"
"8517","4964","Seledynowo fioletowy szal z jedwabiu, wzór orientalny","146.000000"
"8869","8552","Szal z jedwabiu w kolorze bordowym","172.000000"
"8869","7993","Szal z jedwabiu cieniowany czarny do fioletowy","172.000000"
"8869","8603","Szal wieczorowy w kolorze beżowym","170.000000"
"8869","6660","Szal z jedwabiu dwustronny, wielokolorowy","120.000000"
"8870","8552","Szal z jedwabiu w kolorze bordowym","172.000000"
"8870","7993","Szal z jedwabiu cieniowany czarny do fioletowy","172.000000"
"8870","8603","Szal wieczorowy w kolorze beżowym","170.000000"
"8870","6660","Szal z jedwabiu dwustronny, wielokolorowy","120.000000"
"9090","8552","Szal z jedwabiu w kolorze bordowym","172.000000"
"9090","8663","Szal z wełny merino z wzorem orientalnym","279.000000"
"9160","6646","Szal z jedwabiu dwustronny, wielokolorowy","120.000000"
"9160","4799","Szal z jedwabiu w kolorze różowo fioletowym","172.000000"
"9160","1627","szal z jedwabiu w kolorze różowym","172.000000"
"9160","8341","Turkusowy szal z jedwabiu, wzór orientalny","172.000000"
"9272","6898","Szal indyjski w kolorze czerwono różowym, wzór orientalny","120.000000"
"9272","6885","Szal indyjski w kolorze błękitnym, wzór orientalny","120.000000"
"9272","6480","Szal indyjski w kolorze niebiesko-czarnym","84.000000"
"9272","6505","Szal indyjski wielokolorowy","84.000000"
"9353","4311","Szal z jedwabiu dwustronny, w kolorze jasno szaro złotym","172.000000"
"9353","8280","Szal z jedwabiu w kolorze beżowym","190.000000"
"9433","7884","Szal z wełny merino z koronką w kolorze czarnym","289.000000"
"9433","8588","Szal wieczorowy w kolorze czarnym","170.000000"
"9881","9732","Wyszywany szal z wełny w kolorze granatowym","165.000000"
"9881","9368","Szal z wełny merino w kolorze czarnym z kwiatowym wzorem","192.000000"
"9881","9385","Szal z wełny merino w kolorze czarnym, z kwiatowym wzorem","192.000000"
"9881","5695","Wyszywany szal Aari z wełny merino w kolorze granatowym","279.000000"
"9881","9293","Wyszywany szal z wełny merino w kolorze czarnym","279.000000"
"10327","8629","Szal wieczorowy z jedwabiu w kolorze białym","170.000000"
"10327","10115","Różowy szal jedwabny, wzór orientalny","172.000000"
"10525","2747","Ręcznie malowany szal ze wzorem kwiatowym","135.000000"
"10525","8046","Szal z jedwabiu czarno biały","172.000000"
"10525","8039","Szal z jedwabiu cieniowany szaro czarny","172.000000"
"10545","9936","Niebieski szal z jedwabiu, wzór orientalny","146.000000"
"10545","8006","Szal z wełny merino w kolorze kobaltowym","190.000000"
"10590","1263","Czerwony szal z wełny","99.000000"
"10590","8683","Żółty szal z wełny","125.000000"
"10625","6096","Delikatny szal z kaszmiru w kolorze różowym","465.000000"
"10625","2590","Delikatny, elegancki szal  z kaszmiru cieniowany","320.000000"
"10628","10344","Czarny wełniany szal indyjski","185.000000"
"10628","10172","Delikatny szal z kaszmiru w kolorze granatowo morskim","399.000000"
"10632","9846","Szal z wełny wielokolorowa krata","125.000000"
"10632","4477","Bordowy szal z wełny","99.000000"
"10633","9986","Szary szal z jedwabiu, wzór orientalny","146.000000"
"10633","5358","Szal z wełny ze wzorem żakardowym w kolorze bordowym","170.000000"
"10638","7751","Zielony szal z jedwabiu, wzór orientalny","172.000000"
"10638","8067","Wielokolorowy szal z jedwabiu, wzór orientalny","146.000000"
"10640","9759","Szal wieczorowy z kaszmiru w kolorze kobaltowym","251.000000"
"10640","9654","Szal z kaszmiru w kolorze kobaltowym","355.000000"
"10644","9310","Wyszywany szal Aari z wełny merino w kolorze czarnym z wrzosowym wzorem","378.000000"
"10644","2768","Szal dwustronny z wełny w kolorze różowym, fioletowym","149.000000"
"10644","9716","Szal z wełny merino jamawar","237.000000"
"10655","3878","Różowy szal indyjski","144.000000"
"10655","2738","Ręcznie malowany szal w kolorze delikatny niebieski","135.000000"
"10669","10313","Szal indyjski w kolorze błękitno złotym, wzór orientalny","120.000000"
"10669","6885","Szal indyjski w kolorze błękitnym, wzór orientalny","120.000000"
"10673","10067","Beżowy szal z jedwabiu, wzór orientalny","172.000000"
"10673","10061","Wielokolorowy szal z jedwabiu","172.000000"
"10678","6990","Szal indyjski w kolorze bordowo czarnym","84.000000"
"10678","10291","Szal indyjski w kolorze ciemno różowym","84.000000"
"10686","8769","Czarny szal z wełny","135.000000"
"10686","278","Czapka z kaszmiru męska w kolorze czarnym","179.000000"
"10686","9759","Szal wieczorowy z kaszmiru w kolorze kobaltowym","251.000000"
"10709","4391","Szal z wełny w kratę","99.000000"
"10709","1263","Czerwony szal z wełny","99.000000"
"10711","1756","Śliczny ręcznie wykonany szalik z kaszmiru w kolorze złoto brązowym","190.000000"
"10711","9427","Szal z wełny merino w kolorze miedzianym","190.000000"
"10740","246","Szal indyjski w kolorze ecru wyszywany","115.000000"
"10740","2799","Żółto-zielony szal indyjski z wzorem orientalnym","149.000000"
"10740","5683","Wyszywany szal Aari z wełny merino  w kolorze fioletowym","279.000000"
"10742","3093","Śliczny szal 70% Kaszmir 30% Jedwab w kolorze brązowym","215.000000"
"10742","6131","Szal z kaszmiru cieniowany granatowo niebieski","269.000000"
"10742","6365","Czapka z kaszmiru cieniowana w kolorze brązowym","179.000000"
"10741","3093","Śliczny szal 70% Kaszmir 30% Jedwab w kolorze brązowym","215.000000"
"10741","6131","Szal z kaszmiru cieniowany granatowo niebieski","269.000000"
"10741","6365","Czapka z kaszmiru cieniowana w kolorze brązowym","179.000000"
"10761","6840","Delikatny szal z kaszmiru w kolorze czarnym","399.000000"
"10761","9554","Czapka z kaszmiru w kolorze czarnym","179.000000"
"10761","9864","Szal z wełny musztardowo zielona krata","125.000000"
"10763","10106","Beżowy szal jedwabny, wzór orientalny","172.000000"
"10763","10125","Czerwony szal jedwabny, wzór orientalny","172.000000"
"10763","9927","Zielony szal z jedwabiu, wzór orientalny","146.000000"
"10765","7711","Fioletowy szal z jedwabiu, wzór orientalny","146.000000"
"10765","7633","Fioletowy szal z jedwabiu, wzór orientalny","146.000000"
"10776","6940","Szal z kaszmiru z podwójnym przeplotem w kolorze łososiowym","460.000000"
"10776","6473","Śliczny ręcznie wykonany szal z kaszmiru w kolorze perłowy szary","259.000000"
"10862","6917","Szal z kaszmiru z podwójnym przeplotem w kolorze czerwonym","460.000000"
"10862","6920","Szal z kaszmiru z podwójnym przeplotem w kolorze morskim","460.000000"
"10864","8686","Bordowy szal z wełny","125.000000"
"10864","9894","Szal z wełny w kolorze perłowo szarym","130.000000"
"10870","4799","Szal z jedwabiu w kolorze różowo fioletowym","172.000000"
"10870","6895","Szal indyjski w kolorze czerwonym, wzór orientalny","120.000000"
"10871","8660","Szal z wełny merino z wzorem orientalnym","312.000000"
"10871","8666","Szal z wełny merino z wzorem orientalnym","312.000000"
"10872","8609","Szal wieczorowy w kolorze kremowym","170.000000"
"10872","205","Szal z wełny w kratę","99.000000"
"10872","5849","Szal z wełny merino cieniowany w kolorze błękitnym, niebieskim","190.000000"
"10872","8689","Czerwony szal z wełny","125.000000"
"10875","1237","Szary szal z jedwabiu, wzór paisley","146.000000"
"10875","9924","Niebieski szal z jedwabiu, wzór orientalny","146.000000"
"10877","9904","Szal z wełny w kolorze czerwonym","130.000000"
"10877","9874","Pomarańczowy szal z wełny","99.000000"
"10877","1660","Czapka z kaszmiru w kolorze czerwonym","179.000000"
"10911","9919","Szal z wełny w kolorze czarnym","130.000000"
"10911","9913","Szal z wełny w kolorze granatowym","130.000000"
"10911","2717","Ręcznie malowany szal w kolorach lata","135.000000"
"10911","9320","Szalik z wełny w jodełkę","125.000000"
"10985","2768","Szal dwustronny z wełny w kolorze różowym, fioletowym","149.000000"
"10985","1836","Śliczny ręcznie wykonany szal z kaszmiru w kolorze pomarańczowym","259.000000"
"11094","9970","Fioletowy szal z jedwabiu, wzór orientalny","146.000000"
"11094","10942","Fioletowy szal jedwabny, wzór orientalny","146.000000"
"11095","10949","Czerwony szal jedwabny, wzór orientalny","146.000000"
"11095","9983","Fioletowy szal z jedwabiu, wzór orientalny","146.000000"
"11105","9547","Czapka z kaszmiru męska w kolorze granatowym","179.000000"
"11105","6375","Czapka z kaszmiru męska w kolorze zielonym","179.000000"
"11110","9874","Pomarańczowy szal z wełny","99.000000"
"11110","4382","Szal z wełny w kolorze popielatym","99.000000"
"11110","10818","Szal z wełny w kolorze brązowo beżowym","130.000000"
"11110","10946","Czerwony szal jedwabny, wzór orientalny","172.000000"
"11110","7590","Szal z jedwabiu w kolorze brązowo beżowym","165.000000"
"11110","8283","Szal z jedwabiu w kolorze szarym","190.000000"
"11110","0","Szal z wełny merino w kolorze fuksji","190.000000"
"11110","7984","Szal z wełny merino cieniowany fioletowy niebieski","190.000000"
"11110","10200","Chusta indyjska ze wzorem orientalnym","175.000000"
"11110","9879","Beżowy szal z wełny","99.000000"
"11127","10057","Czarno bordowy szal z jedwabiu, wzór orientalny","172.000000"
"11127","5999","Wełniany szal indyjski Kani","255.000000"
"11179","8686","Bordowy szal z wełny","125.000000"
"11179","9782","Szal wieczorowy z kaszmiru w kolorze bordowym","251.000000"
"11220","7827","Szal z jedwabiu dwustronny, w kolorze niebiesko beżowym","172.000000"
"11220","4171","Torebka zdobiona cyrkoniami, w kolorze fuksji","119.000000"
"11232","10245","Szal indyjski w kolorze czerwonym, wzór kwiatowy","120.000000"
"11232","2717","Ręcznie malowany szal w kolorach lata","135.000000"
"11239","9377","Szal z wełny merino w kolorze zielonym, z kwiatowym wzorem","192.000000"
"11239","0","Szalik z kaszmiru z podwójnym przeplotem w kolorze czerwonym","379.000000"
"11239","10706","Wyszywany szal Aari z wełny merino w kolorze granatowym z srebrnym wzorem","378.000000"
"11275","8638","Szal z jedwabiu wielokolorowy z kwiatowym wzorem","172.000000"
"11275","8564","Szal z jedwabiu w kolorze kremowym z kwiatowym wzorem","172.000000"
"11285","5947","Delikatny ręcznie wykonany szal z kaszmiru w kolorze granatowym","465.000000"
"11285","10030","Szal 70% Kaszmir 30% Jedwab w kolorze błękitnym","275.000000"
"11296","10017","Delikatny szal z kaszmiru w kolorze grafitowym","465.000000"
"11296","3763","Delikatny, elegancki szal z kaszmiru, w kolorze szarym","299.000000"
"11296","6197","Delikatny szal z kaszmiru w kolorze ciemno szarym","385.000000"
"11309","11071","Szal z jedwabiu dwustronny, w kolorze złoto beżowym","172.000000"
"11309","8543","Szal z jedwabiu w kolorze beżowym","172.000000"
"11483","121","Delikatny, elegancki szal  z kaszmiru biały","299.000000"
"11483","3180","Śliczny szal 70% Kaszmir 30% Jedwab w kolorze złamanej bieli","215.000000"
"11483","0","Szal z wełny merino w kolorze ecru","190.000000"
"11483","5294","Szal z wełny merino w kolorze malinowym","170.000000"
"11483","8433","Szal z wełny merino w kolorze fioletowym","170.000000"
"11502","5301","Szal z wełny merino w kolorze brązowym","170.000000"
"11502","0","Delikatny szal z kaszmiru w kolorze ecru","385.000000"
"11502","3203","Śliczny ręcznie wykonany szal z kaszmiru w kolorze kości słoniowej","349.000000"
"11557","40","Delikatny ręcznie wykonany szal z kaszmiru w kolorze kości słoniowej","409.000000"
"11557","6211","Delikatny szal z kaszmiru w kolorze zielonym","385.000000"
"11730","4774","Delikatny ręcznie wykonany szal z kaszmiru w kolorze fioletowym","385.000000"
"11730","9683","Szal z wełny merino jamawar","237.000000"
"11730","10310","Szal indyjski w kolorze błękitnym, wzór orientalny","120.000000"
"11730","10288","Szal indyjski w kolorze fioletowym","84.000000"
"11759","9762","Szal wieczorowy z kaszmiru w kolorze turkusowym","229.000000"
"11759","5695","Wyszywany szal Aari z wełny merino w kolorze granatowym","279.000000"
"11860","8731","Szal z wełny w kolorze naturalnym","135.000000"
"11860","7923","Szal z wełny merino w kolorze szmaragdowym","165.000000"
"12136","9633","Delikatny szal z kaszmiru w kolorze łososiowym","385.000000"
"12136","8625","Szal wieczorowy z jedwabiu w kolorze ecru","172.000000"
"12137","9633","Delikatny szal z kaszmiru w kolorze łososiowym","385.000000"
"12137","8625","Szal wieczorowy z jedwabiu w kolorze ecru","172.000000"
"12204","9776","Szal wieczorowy z kaszmiru  w kolorze kremowym","229.000000"
"12204","3203","Śliczny ręcznie wykonany szal z kaszmiru w kolorze kości słoniowej","349.000000"
"12423","4124","Torebka zdobiona koralikami i cyrkoniami, w kolorze srebrnym","99.000000"
"12423","9444","Szal z wełny merino w kolorze perłowo szarym","190.000000"
"12728","12706","Szal z wełny merino z wzorem orientalnym","263.000000"
"12728","12350","Szal z wełny merino z wzorem orientalnym","263.000000"
"12728","9523","Szal żakardowy z wełny merino w kolorze czarnym","190.000000"
"12728","7217","Wyszywany szal Aari z wełny merino w kolorze beżowym","249.000000"
"12728","5695","Wyszywany szal Aari z wełny merino w kolorze granatowym","289.000000"
"12728","7214","Wyszywany szal Aari z wełny merino w kolorze różowym","279.000000"
"12728","2756","Wyszywany szal z wełny w kolorze jasno niebieskim","155.000000"
"12728","5264","Szal z wełny merino w kolorze turkusowym","170.000000"
"12728","9508","Szal żakardowy z wełny merino w kolorze turkusowym","190.000000"
"12728","6285","Szal 70% Kaszmir 30% Jedwab w kolorze różowym","275.000000"
"12728","12716","Szal 70% Kaszmir 30% Jedwab w kolorze niebieskim","275.000000"
"12728","12040","Szal z wełny merino cieniowany w kolorze  niebieskim","190.000000"
"12728","12253","Szal z wełny merino jamawar","239.000000"
"12728","12288","Szal z wełny merino jamawar","239.000000"
"12728","5892","Szal z wełny merino w kolorze czarnym","190.000000"
"12728","0","Szal z wełny merino w kolorze fuksji","190.000000"
"12728","7913","Szal z wełny merino z koronką w kratę czarno białą","245.000000"
"12728","5397","Szal z wełny ze wzorem żakardowym w kolorze czarnym","170.000000"
"12728","5422","Szal z wełny ze wzorem żakardowym w kolorze różowym","170.000000"
"12728","5428","Szal z wełny ze wzorem żakardowym w kolorze turkusowym","170.000000"
"12728","0","Szal 70% Kaszmir 30% Jedwab w kolorze fuksji","275.000000"
"12728","9610","Szal 70% Kaszmir 30% Jedwab w kolorze różowym","275.000000"
"12919","5757","Szal z wełny merino żakardowy w kolorze żółtym","190.000000"
"12919","9879","Beżowy szal z wełny","99.000000"
"12928","7932","Szal z wełny merino cieniowany w kolorze kremowo beżowym","165.000000"
"12928","11971","Szal z jedwabiu dwustronny, w kolorze szaro różowym","192.000000"
"12928","5391","Szal z wełny ze wzorem żakardowym w kolorze beżowym","170.000000"
"12933","4885","Niebiesko pomarańczowy szal z jedwabiu, wzór paisley","146.000000"
"12933","8549","Szal z jedwabiu w kolorze ciemno zielonym","172.000000"
"12933","12411","Szal z wełny merino z wzorem orientalnym","312.000000"
"13104","11827","Szal z jedwabiu dwustronny, w kolorze beżowym","172.000000"
"13104","12669","Czapka z wełny w kolorze bordowym","119.000000"
"13119","12472","Szal z wełny merino czarny w pasy","263.000000"
"13119","12100","Szal z wełny merino cieniowany w kolorze granatowym","190.000000"
"13118","12472","Szal z wełny merino czarny w pasy","263.000000"
"13118","12100","Szal z wełny merino cieniowany w kolorze granatowym","190.000000"
"13398","0","Szal z wełny merino w kolorze kości słoniowej","190.000000"
"13398","7926","Szal z wełny merino w kolorze granatowym","190.000000"
"13398","12100","Szal z wełny merino cieniowany w kolorze granatowym","190.000000"
"13398","7955","Szal z wełny merino w kolorze beżowym","190.000000"
"13423","12669","Czapka z wełny w kolorze bordowym","119.000000"
"13423","13230","Szal z wełny w kolorze bordowym","139.000000"
"13426","9523","Szal żakardowy z wełny merino w kolorze czarnym","190.000000"
"13426","9891","Szal z wełny w kolorze fuksji","139.000000"
"13426","13232","Szal z wełny w kolorze czarnym","139.000000"
"13426","9904","Szal z wełny w kolorze czerwonym","139.000000"
"13439","12699","Szal 70% Kaszmir 30% Jedwab w kolorze szarym","275.000000"
"13439","12100","Szal z wełny merino cieniowany w kolorze granatowym","190.000000"
"13490","12020","Szal z jedwabiu dwustronny, w kolorze czerwonego wina","172.000000"
"13490","11948","Szal z jedwabiu dwustronny, w kolorze szarym","192.000000"
"13518","170","Szal z jedwabiu w kolorze jasno fioletowo niebieskim","79.000000"
"13518","13343","Szal z wełny w kolorze jasno brązowym","139.000000"
"13568","11862","Szal z jedwabiu dwustronny, w kolorze bakłażana","172.000000"
"13568","11414","Różowo czarny szal jedwabny, wzór orientalny","146.000000"
"13706","9332","Grafitowy szalik z wełny","125.000000"
"13706","0","Szalik z kaszmiru z podwójnym przeplotem w kolorze jasno brązowym bez frędzli","239.000000"
"13706","12616","Czapka z wełny w kolorze czarnym","119.000000"
"13741","0","Szalik z kaszmiru z podwójnym przeplotem w kolorze bordowym","239.000000"
"13741","12185","Szal z wełny merino z wzorem orientalnym w kolorze ecru","312.000000"
"13741","5884","Szal z wełny merino w kolorze pistacjowym","190.000000"
"13740","0","Szalik z kaszmiru z podwójnym przeplotem w kolorze bordowym","239.000000"
"13740","12185","Szal z wełny merino z wzorem orientalnym w kolorze ecru","312.000000"
"13740","5884","Szal z wełny merino w kolorze pistacjowym","190.000000"
"13856","6245","Delikatny, elegancki szal z kaszmiru, w kolorze brzoskwiniowym","299.000000"
"13856","3095","Delikatny, elegancki szal z kaszmiru, w kolorze błękitno-białym","299.000000"
"13891","9904","Szal z wełny w kolorze czerwonym","139.000000"
"13891","13310","Szal z wełny w kolorze miedzianym","139.000000"
"13891","13308","Szal z wełny w kolorze zielonym","139.000000"
"13891","13341","Szal z wełny w kolorze złoto brązowym","139.000000"
"13891","9897","Szal z wełny w kolorze kobaltowym","139.000000"
"13892","11849","Szal z jedwabiu dwustronny, cieniowany w kolorze wiśniowo czerwonym","172.000000"
"13892","6612","Wełniany szal indyjski w kolorze musztardowym","199.000000"
"13938","11393","Szary szal jedwabny, wzór orientalny","146.000000"
"13938","11852","Szal z jedwabiu dwustronny  w kolorze liliowym","172.000000"
"14003","12420","Szal z wełny merino z wzorem orientalnym","299.000000"
"14003","11478","Granatowy szal jedwabny, wzór orientalny","172.000000"
"14013","8703","Ciemno szary szal z wełny","135.000000"
"14013","8725","Szal z wełny ze wzorem żakardowym","135.000000"
"14044","5892","Szal z wełny merino w kolorze czarnym","180.000000"
"14044","0","Szalik z kaszmiru z podwójnym przeplotem w kolorze czerwonym bez frędzli","239.000000"
"14044","0","Szal 70% Kaszmir 30% Jedwab w kolorze czerwonym","275.000000"
"14044","3191","Szal z kaszmiru w kolorze czarnym","377.000000"
"14055","6940","Szal z kaszmiru z podwójnym przeplotem w kolorze łososiowym","460.000000"
"14055","10350","Beżowy wełniany szal indyjski","165.000000"
"14055","0","Szal z wełny merino cieniowany szary","180.000000"
"14055","12262","Szal z wełny merino jamawar","219.000000"
"14135","5282","Szal z wełny merino w kolorze szmaragdowym","170.000000"
"14135","0","Szal z wełny merino w kolorze błękitnym","180.000000"
"14135","12079","Szal z wełny merino w kolorze cappuccino","180.000000"
"14250","9904","Szal z wełny w kolorze czerwonym","139.000000"
"14250","205","Szal z wełny w kratę","99.000000"
"14276","0","Szalik z kaszmiru z podwójnym przeplotem w kolorze kremowym","379.000000"
"14276","12484","Szalik z kaszmiru z podwójnym przeplotem w kolorze perłowo szarym","379.000000"
"14276","2391","Delikatny ręcznie wykonany szal z kaszmiru w kolorze miedzianym","379.000000"
"14323","11884","Szal z jedwabiu dwustronny, w kolorze beżowym","172.000000"
"14323","11849","Szal z jedwabiu dwustronny, cieniowany w kolorze wiśniowo czerwonym","172.000000"
"14336","12171","Szal z wełny merino w pasy","299.000000"
"14336","199","Szal z wełny w kratę","99.000000"
"14350","58","Śliczny ręcznie wykonany szalik z kaszmiru w kolorze ciemno różowym","190.000000"
"14350","61","Śliczny ręcznie wykonany szalik z kaszmiru w kolorze czerwonym","190.000000"
"14350","68","Śliczny ręcznie wykonany szalik z kaszmiru w kolorze delikatny łososiowy","190.000000"
"14350","93","Śliczny ręcznie wykonany szalik z kaszmiru w kolorze miętowym","190.000000"
"14350","9554","Czapka z kaszmiru w kolorze czarnym","179.000000"
"14350","9556","Czapka z kaszmiru w kolorze jasno brązowym","165.000000"
"14354","6582","Szaro granatowy szal indyjski","155.000000"
"14354","5428","Szal z wełny ze wzorem żakardowym w kolorze turkusowym","160.000000"
"14397","13232","Szal z wełny w kolorze czarnym","139.000000"
"14397","9523","Szal żakardowy z wełny merino w kolorze czarnym","170.000000"
"14397","8427","Szal z wełny merino w kolorze czarnym","170.000000"
"14419","13332","Delikatny szal z kaszmiru  w kolorze szarym","465.000000"
"14419","14080","Szal z jedwabiu dwustronny, w kolorze fioletowym opalizującym","172.000000"
"14432","11396","Różowy szal jedwabny, wzór orientalny","146.000000"
"14432","2164","Szal indyjski w kolorze bordowym","145.000000"
"14464","12082","Szal z wełny merino w kolorze czerwonym","180.000000"
"14464","5397","Szal z wełny ze wzorem żakardowym w kolorze czarnym","170.000000"
"14468","6276","Delikatny szal z kaszmiru w kolorze marsala","465.000000"
"14468","5947","Delikatny ręcznie wykonany szal z kaszmiru w kolorze granatowym","465.000000"
"14488","12576","Szal z kaszmiru w kolorze ecru","377.000000"
"14488","9897","Szal z wełny w kolorze kobaltowym","139.000000"
"14504","11827","Szal z jedwabiu dwustronny, w kolorze beżowym","172.000000"
"14504","12086","Szal z jedwabiu dwustronny, w kolorze czerwonym","172.000000"
"14528","12259","Szal z wełny merino jamawar","219.000000"
"14528","6618","Wełniany szal indyjski w kolorze ecru w kratkę","185.000000"
"14639","6898","Szal indyjski w kolorze czerwono różowym, wzór orientalny","120.000000"
"14639","11463","Granatowy szal jedwabny, wzór orientalny","172.000000"
"14640","6898","Szal indyjski w kolorze czerwono różowym, wzór orientalny","120.000000"
"14640","11463","Granatowy szal jedwabny, wzór orientalny","172.000000"
"14895","8629","Szal wieczorowy z jedwabiu w kolorze białym","172.000000"
"14895","11912","Szal z jedwabiu dwustronny, w kolorze błękitnym","172.000000"
"14924","3108","Ręcznie wykonany szalik z kaszmiru w kolorze czarnym","180.000000"
"14924","12671","Czapka z wełny w kolorze czarnym","119.000000"
"15359","15334","Szal z jedwabiu dwustronny, w kolorze perłowo szarym","172.000000"
"15359","8385","Szal z wełny ze wzorem żakardowym w kolorze ecru","145.000000"
"16019","7963","Szal z wełny merino w kolorze grafitowym","190.000000"
"16019","9742","Szal z kaszmiru w kolorze śliwkowym","329.000000"
"16019","0","Szal z wełny merino w kolorze bordowym","190.000000"
"16019","8703","Ciemno szary szal z wełny","135.000000"
"16019","13230","Szal z wełny w kolorze bordowym","139.000000"
"16090","12881","Szal z wełny w kolorze burgundu","139.000000"
"16090","13230","Szal z wełny w kolorze bordowym","139.000000"
"16090","8703","Ciemno szary szal z wełny","135.000000"
"16090","0","Szal z wełny merino w kolorze bordowym","190.000000"
"16097","11830","Szal z jedwabiu dwustronny, w kolorze żółtym","172.000000"
"16097","5304","Szal z wełny merino w kolorze pomarańczowym","160.000000"
"16107","13310","Szal z wełny w kolorze miedzianym","139.000000"
"16107","9897","Szal z wełny w kolorze kobaltowym","139.000000"
"16108","13310","Szal z wełny w kolorze miedzianym","139.000000"
"16108","9897","Szal z wełny w kolorze kobaltowym","139.000000"
"16131","4315","Szal z jedwabiu dwustronny, w kolorze zielono złotym","155.000000"
"16131","15219","LIMITED EDITION, Zielony szal jedwabny, wzór orientalny","224.000000"
"16137","12086","Szal z jedwabiu dwustronny, w kolorze czerwonym","172.000000"
"16137","15331","Szal z jedwabiu dwustronny, w kolorze szmaragdowym","172.000000"
"16137","15143","Szal jedwabny w kolorze fuksji","172.000000"
"16171","12457","Szal z wełny merino ecru w pasy","263.000000"
"16171","1836","Śliczny ręcznie wykonany szal z kaszmiru w kolorze koniakowym","199.000000"
"16336","11812","Fioletowy szal jedwabny, wzór orientalny","172.000000"
"16336","8629","Szal wieczorowy z jedwabiu w kolorze białym","172.000000"
"16613","8594","Szal wieczorowy w kolorze ecru","170.000000"
"16613","8629","Szal wieczorowy z jedwabiu w kolorze białym","172.000000"
"16644","12503","Szal z kaszmiru w kolorze fuksji","377.000000"
"16644","7926","Szal z wełny merino w kolorze granatowym","190.000000"
"17321","15201","Turkusowy szal jedwabny","172.000000"
"17321","9762","Szal wieczorowy z kaszmiru w kolorze turkusowym","251.000000"
"17321","5060","Torebka zdobiona koralikami i cyrkoniami, w kolorze turkusowym","89.000000"
"17422","12395","Szal z wełny dwustronny, w kolorze bordowym","235.000000"
"17422","16552","Granatowy szal jedwabny, wzór orientalny","172.000000"
"17548","10271","Szal indyjski w kolorze różowym","99.000000"
"17548","10252","Szal indyjski wielokolorowy","99.000000"
"17548","10259","Szal indyjski wielokolorowy","99.000000"
"17548","10277","Szal indyjski wielokolorowy","99.000000"
"17696","16077","Szal letni w kolorze perłowo szarym","170.000000"
"17696","5324","Szal z wełny merino w kolorze różowym","160.000000"
"18466","6285","Szal 70% Kaszmir 30% Jedwab w kolorze różowym","275.000000"
"18466","15338","Szal jedwabny dwustronny, w kolorze różowym","172.000000"
"18466","9756","Szal wieczorowy z kaszmiru w kolorze różowym","235.000000"
"18622","5923","Szal z wełny merino w kolorze fioletowym","190.000000"
"18622","12337","Szal z wełny merino z wzorem orientalnym w kolorze niebieskim","299.000000"
"18902","16555","Szal jedwabny, wzór orientalny w kolorze fuksji","172.000000"
"18902","16501","Koralowy szal jedwabny, wzór orientalny","172.000000"
"18902","15316","LIMITED EDITION, Czerwony szal jedwabny, wzór orientalny","224.000000"
"18968","0","Delikatny, z nadrukiem, szal z kaszmiru w kolorze ecru","349.000000"
"18968","0","Delikatny, z nadrukiem, szal z kaszmiru w kolorze ecru","349.000000"
"18968","15310","LIMITED EDITION, Fioletowy szal jedwabny, wzór orientalny","224.000000"
"18968","9508","Szal żakardowy z wełny merino w kolorze turkusowym","190.000000"
"18968","8441","Szal z wełny ze wzorem żakardowym w kolorze off-white","160.000000"
"18968","8375","Szal z wełny ze wzorem żakardowym w kolorze off-white","160.000000"
"19252","15368","Szal jedwabny dwustronny, w kolorze czerwonym","172.000000"
"19252","17450","Bordowy szal jedwabny","172.000000"
"19252","0","Szal letni w kolorze czerwonym","170.000000"
"19552","10744","Szal z jedwabiu dwustronny, w kolorze fioletowo złotym","172.000000"
"19552","5529","Torebka zdobiona kryształkami, w kolorze fioletowym","59.000000"
"19553","18975","Grafitowy dwustronny szal z jedwabiu","192.000000"
"19553","18596","Grafitowy dwustronny szal z jedwabiu","192.000000"
"19553","0","Szal z jedwabiu w kolorze czarnym","172.000000"
"19946","4127","Torebka zdobiona koralikami i cyrkoniami, w kolorze fioletowym","99.000000"
"19946","4133","Torebka zdobiona koralikami i cyrkoniami, w kolorze złotym","99.000000"
"19986","12082","Szal z wełny merino w kolorze czerwonym","190.000000"
"19986","12086","Szal z jedwabiu dwustronny, w kolorze czerwonym","172.000000"
"19987","9517","Szal żakardowy z wełny merino w kolorze czerwonym","190.000000"
"19987","5413","Szal z wełny merino ze wzorem żakardowym w kolorze czerwonym","160.000000"
"19990","17432","Szal jedwabny dwustronny, w kolorze liliowym","192.000000"
"19990","11852","Szal z jedwabiu dwustronny  w kolorze liliowym","172.000000"
"20194","15290","LIMITED EDITION, Fioletowy szal jedwabny, wzór orientalny","224.000000"
"20194","14961","Szal z wełny dwustronny, w kolorze śliwkowym","249.000000"
"20520","6359","Czapka z kaszmiru cieniowana w kolorze purpurowym","165.000000"
"20520","9556","Czapka z kaszmiru w kolorze jasno brązowym","165.000000"
"20520","6365","Czapka z kaszmiru cieniowana w kolorze brązowym","165.000000"
"20520","14964","Szal z wełny dwustronny, w kolorze różowym","249.000000"
"20520","12279","Szal z wełny merino jamawar","219.000000"
"20520","6135","Szal z kaszmiru cieniowany purpurowy","225.000000"
"20520","1748","Śliczny ręcznie wykonany szalik z kaszmiru w kolorze ciemne bordo","170.000000"
"20520","6460","Śliczny ręcznie wykonany szal z kaszmiru w kolorze jasno brązowym","199.000000"
"20520","18943","Szal z wełny merino w kolorze różu indyjskiego","190.000000"
"20520","6437","Ręcznie wykonany szal z kaszmiru w kolorze granatowym","199.000000"
"20736","17442","LIMITED EDITION, Szal jedwabny, wzór orientalny w kolorze morskim","224.000000"
"20736","19940","Turkusowy szal kaszmirowy z wzorem orientalnym","349.000000"
"20736","19951","Niebieski szal kaszmirowy z wzorem orientalnym","349.000000"
"20736","19957","Szal kaszmirowy z wzorem orientalnym w kolorze morskim","349.000000"
"20747","5689","Wyszywany szal Aari z wełny merino w kolorze ecru","279.000000"
"20747","19934","Zielony szal kaszmirowy z wzorem orientalnym","329.000000"
"20756","19867","Czarny szal wełniany z wzorem orientalnym","267.000000"
"20756","20235","LIMITED EDITION, wyszywany szal wełniany Aari w kolorze czarnym","436.000000"
"20756","19858","Szal wełniany z wzorem orientalnym","267.000000"
"20756","9704","Szal z wełny merino jamawar","237.000000"
"20756","12302","Szal z wełny merino jamawar","219.000000"
"20756","6957","Wełniany szal indyjski Kani","269.000000"
"20756","10409","Wełniany szal indyjski Kani  z wzorem żakardowym","269.000000"
"20756","20223","Wyszywany szal wełniany Aari w kolorze czarnym","378.000000"
"20756","10350","Beżowy wełniany szal indyjski","185.000000"
"20756","2164","Szal indyjski w kolorze bordowym","145.000000"
"20756","3589","Szal indyjski w kolorze fioletowo złotym","129.000000"
"20756","10288","Szal indyjski w kolorze fioletowym","84.000000"
"20756","10040","Szal indyjski wielokolorowy","139.000000"
"20764","12619","Czapka z wełny w kolorze kobaltowym","119.000000"
"20764","12978","Czapka z wełny w kolorze kremowym","119.000000"
"20764","2723","Ręcznie malowany szal o wzorze współczesnym","135.000000"
"20789","11920","Szal z jedwabiu dwustronny, w kolorze zielonym","192.000000"
"20789","16478","Czerwony szal jedwabny, wzór orientalny","172.000000"
"20789","16510","Pomarańczowy szal jedwabny, wzór orientalny","172.000000"
"20789","17522","Pomarańczowy szal jedwabny, wzór orientalny","172.000000"
"20789","18581","Różowo zielony szal jedwabny, wzór orientalny","172.000000"
"20789","15319","LIMITED EDITION, Miedziany szal jedwabny, wzór orientalny","248.000000"
"20788","11920","Szal z jedwabiu dwustronny, w kolorze zielonym","192.000000"
"20788","16478","Czerwony szal jedwabny, wzór orientalny","172.000000"
"20788","16510","Pomarańczowy szal jedwabny, wzór orientalny","172.000000"
"20788","17522","Pomarańczowy szal jedwabny, wzór orientalny","172.000000"
"20788","18581","Różowo zielony szal jedwabny, wzór orientalny","172.000000"
"20788","15319","LIMITED EDITION, Miedziany szal jedwabny, wzór orientalny","248.000000"
"21052","20825","Delikatny szal kaszmirowy w kolorze beżowym","465.000000"
"21052","7546","Delikatny szal z kaszmiru w kolorze cappuccino","465.000000"
"21145","20617","Szal wełniany w kolorze beżowym","190.000000"
"21145","21104","Różowy szal kaszmirowy","299.000000"
"21145","9514","Szal żakardowy z wełny merino w kolorze beżowym","190.000000"
"21146","20617","Szal wełniany w kolorze beżowym","190.000000"
"21146","21104","Różowy szal kaszmirowy","299.000000"
"21146","9514","Szal żakardowy z wełny merino w kolorze beżowym","190.000000"
"21147","20617","Szal wełniany w kolorze beżowym","190.000000"
"21147","21104","Różowy szal kaszmirowy","299.000000"
"21147","9514","Szal żakardowy z wełny merino w kolorze beżowym","190.000000"
"21192","8441","Szal z wełny ze wzorem żakardowym w kolorze off-white","160.000000"
"21192","8629","Szal wieczorowy z jedwabiu w kolorze białym","172.000000"
"21246","12982","Czapka z wełny w kolorze jasno brązowym","119.000000"
"21246","12619","Czapka z wełny w kolorze kobaltowym","119.000000"
"21246","6460","Śliczny ręcznie wykonany szal z kaszmiru w kolorze jasno brązowym","199.000000"
"21525","18581","Różowo zielony szal jedwabny, wzór orientalny","172.000000"
"21525","15149","Szal jedwabny w kolorze fioletowym","172.000000"
"21525","10046","Szal indyjski w kolorze bordowym","145.000000"
"21612","8414","Szal z jedwabiu czekolodowo czarny","172.000000"
"21612","20587","Szal wełniany w kolorze czerwonym","190.000000"
"21612","16219","Szal z wełny merino w kolorze brązowym","190.000000"
"21612","5892","Szal z wełny merino w kolorze czarnym","190.000000"
"21615","21101","Szal kaszmirowy w kolorze czerwonego wina","299.000000"
"21615","20584","Szal wełniany w kolorze bordowym","190.000000"
"21616","21101","Szal kaszmirowy w kolorze czerwonego wina","299.000000"
"21616","20584","Szal wełniany w kolorze bordowym","190.000000"
"21625","21075","Czarny szalik męski kaszmirowy","259.000000"
"21625","21081","Czerwony szalik męski kaszmirowy","259.000000"
"21729","12188","Szal z wełny merino z wzorem orientalnym w kolorze czarnym","299.000000"
"21729","21090","Szal kaszmirowy w kolorze francuskiego fioletu","299.000000"
"21955","14958","Turkusowy wełniany szal indyjski","185.000000"
"21955","19855","Szal wełniany z wzorem orientalnym","267.000000"
"21968","12176","Szal z wełny merino z wzorem orientalnym w kolorze szarym","289.000000"
"21968","21344","Rękawiczki damskie w kolorze fioletowym","109.000000"
"21969","12176","Szal z wełny merino z wzorem orientalnym w kolorze szarym","289.000000"
"21969","21344","Rękawiczki damskie w kolorze fioletowym","109.000000"
"21980","3322","Śliczny ręcznie wykonany szal z kaszmiru w kolorze fioletowym","315.000000"
"21980","21185","Szal kaszmirowy w kolorze turkusowym, przeplot w jodełkę","385.000000"
"21980","9468","Delikatny szal z kaszmiru w kolorze kobaltowym","385.000000"
"22991","21938","Bordowy szal wełniany z wzorem orientalnym","164.000000"
"22991","6999","Szal indyjski w kolorze granatowo zielonym","84.000000"
"22992","21938","Bordowy szal wełniany z wzorem orientalnym","164.000000"
"22992","6999","Szal indyjski w kolorze granatowo zielonym","84.000000"
"22993","21938","Bordowy szal wełniany z wzorem orientalnym","164.000000"
"22993","6999","Szal indyjski w kolorze granatowo zielonym","84.000000"
"22994","21938","Bordowy szal wełniany z wzorem orientalnym","164.000000"
"22994","6999","Szal indyjski w kolorze granatowo zielonym","84.000000"
"22995","21938","Bordowy szal wełniany z wzorem orientalnym","164.000000"
"22995","6999","Szal indyjski w kolorze granatowo zielonym","84.000000"
"22996","21938","Bordowy szal wełniany z wzorem orientalnym","164.000000"
"22996","6999","Szal indyjski w kolorze granatowo zielonym","84.000000"
"22997","21938","Bordowy szal wełniany z wzorem orientalnym","164.000000"
"22997","6999","Szal indyjski w kolorze granatowo zielonym","84.000000"
"23323","20932","Szalik wełniany z alpaki czarny","279.000000"
"23323","12671","Czapka z wełny w kolorze czarnym","119.000000"
"23325","12671","Czapka z wełny w kolorze czarnym","119.000000"
"23325","20932","Szalik wełniany z alpaki czarny","279.000000"
"23411","21707","LIMITED EDITION, Różowo granatowy szal jedwabny, wzór orientalny","224.000000"
"23411","15243","LIMITED EDITION, Czarny szal jedwabny, wzór orientalny","224.000000"
"23414","20798","Szalik męski kaszmirowy w kolorze grafitowym","259.000000"
"23414","12629","Czapka z wełny w kolorze granatowym","119.000000"
"23418","1748","Śliczny ręcznie wykonany szalik z kaszmiru w kolorze ciemne bordo","170.000000"
"23418","6443","Ręcznie wykonany szal z kaszmiru w kolorze fioletowym","199.000000"
"23425","20688","Szal wełniany w kolorze śliwki","139.000000"
"23425","9558","Czapka z kaszmiru w kolorze różowym","179.000000"
"23425","21408","Czapka zimowa w kolorze granatowym","179.000000"
"23429","20878","Szalik wełniany z alpaki niebieski","385.000000"
"23429","22023","Granatowy szal wełniany KULLU","260.000000"
"23429","21038","Szalik wełniany z alpaki śliwkowy (M)","279.000000"
"23479","20004","Niebieski szal kaszmirowy z wzorem orientalnym","329.000000"
"23479","55","Śliczny ręcznie wykonany szal z kaszmiru w kolorze brązowym","199.000000"
"23504","5802","Szal z wełny merino cieniowany w kolorze fioletowym","190.000000"
"23504","21088","Szal kaszmirowy w kolorze fuksji","299.000000"
"23537","21066","Szalik kaszmirowy w kolorze grafitowym","379.000000"
"23537","20717","Szal wełniany dwustronny w kolorze szarym","149.000000"
"23553","15391","Szal jedwabny dwustronny w kolorze oberżyny","192.000000"
"23553","20660","Szal jedwabny dwustronny, w kolorze śliwkowym","192.000000"
"23553","15324","Szal z jedwabiu dwustronny, w kolorze bordowym","172.000000"
"23555","17450","Bordowy szal jedwabny","172.000000"
"23555","20660","Szal jedwabny dwustronny, w kolorze śliwkowym","192.000000"
"23555","20583","Szal wełniany w kolorze burgundu","190.000000"
"23556","20583","Szal wełniany w kolorze burgundu","190.000000"
"23556","15365","Szal jedwabny dwustronny, w kolorze morskim","172.000000"
"23556","17429","Szal jedwabny dwustronny, w kolorze wiśniowym","192.000000"
"23557","20583","Szal wełniany w kolorze burgundu","190.000000"
"23557","15365","Szal jedwabny dwustronny, w kolorze morskim","172.000000"
"23557","17429","Szal jedwabny dwustronny, w kolorze wiśniowym","192.000000"
"23558","1627","szal z jedwabiu w kolorze fuksji","159.000000"
"23558","21858","Szal jedwabny z wzorem orientalnym w kolorze czerwonym","192.000000"
"23558","21870","Szal jedwabny z wzorem orientalnym w kolorze różowo czerwonym","192.000000"
"23559","1627","szal z jedwabiu w kolorze fuksji","159.000000"
"23559","21858","Szal jedwabny z wzorem orientalnym w kolorze czerwonym","192.000000"
"23559","21870","Szal jedwabny z wzorem orientalnym w kolorze różowo czerwonym","192.000000"
"23560","1627","szal z jedwabiu w kolorze fuksji","159.000000"
"23560","21858","Szal jedwabny z wzorem orientalnym w kolorze czerwonym","192.000000"
"23560","21870","Szal jedwabny z wzorem orientalnym w kolorze różowo czerwonym","192.000000"
"23580","20681","Szal wieczorowy w kolorze czerwonym","135.000000"
"23580","19698","Szal z wełny merino w kolorze czerwonym","190.000000"
"23581","19698","Szal z wełny merino w kolorze czerwonym","190.000000"
"23581","20587","Szal wełniany w kolorze czerwonym","190.000000"
"23644","21076","Czarny szalik męski kaszmirowy","259.000000"
"23644","21080","Czerwony szalik męski kaszmirowy","259.000000"
"23661","18566","Wyszywany szal Aari z wełny merynosów kolorze bordowym","239.000000"
"23661","23441","Kremowy szal wełniany z wzorem orientalnym","312.000000"
"23681","20584","Szal wełniany w kolorze bordowym","190.000000"
"23681","11058","Szalik z kaszmiru z podwójnym przeplotem w kolorze granatowym bez frędzli","259.000000"
"23683","21409","Czapka zimowa w kolorze szarym","179.000000"
"23683","4133","Torebka zdobiona koralikami i cyrkoniami, w kolorze złotym","99.000000"
"23683","5542","Torebka zdobiona koralikami i cyrkoniami, w kolorze złotym","110.000000"
"23683","4066","Torebka zdobiona koralikami i cyrkoniami, w kolorze czarnym","110.000000"
"23687","21104","Różowy szal kaszmirowy","299.000000"
"23687","6267","Delikatny, elegancki szal z kaszmiru, w kolorze fioletowym","299.000000"
"23687","21023","Biały szalik wełniany z alpaki","279.000000"
"23695","21322","Rękawiczki damskie w kolorze bordowym","99.000000"
"23695","9517","Szal żakardowy z wełny merino w kolorze czerwonym","190.000000"
"23697","21523","szalik, czapka, rękawiczki z merino w kolorze bordowym","650.000000"
"23697","21816","Sweter damski wełniany","740.000000"
"23697","21765","Sweter damski wełniany","560.000000"
"23697","21232","Śliwkowy szal komin kaszmirowy dwukolorowy","435.000000"
"23698","21523","szalik, czapka, rękawiczki z merino w kolorze bordowym","499.000000"
"23698","21816","Sweter damski wełniany","740.000000"
"23698","21765","Sweter damski wełniany","560.000000"
"23698","21232","Śliwkowy szal komin kaszmirowy dwukolorowy","435.000000"
"23699","21523","szalik, czapka, rękawiczki z merino w kolorze bordowym","499.000000"
"23699","21816","Sweter damski wełniany","740.000000"
"23699","21765","Sweter damski wełniany","560.000000"
"23699","21232","Śliwkowy szal komin kaszmirowy dwukolorowy","435.000000"
"23730","9707","Szal z wełny merino jamawar","237.000000"
"23730","2750","Ręcznie malowany szal o wzorze współczesnym","135.000000"
"23742","11685","Szal z jedwabiu dwustronny, w kolorze lawendowym","172.000000"
"23742","14017","Szal z jedwabiu dwustronny, w kolorze niebieskim","172.000000"
"23757","8294","Szal z jedwabiu w kolorze fioletowym","75.000000"
"23757","20672","Szal wełniany w kolorze turkusowym","135.000000"
"23764","1174","Delikatny szal z kaszmiru w kolorze beżowym w kratę","349.000000"
"23764","20576","Szalik jedwabny, wzór paisley w kolorze turkusowym","129.000000"
"23770","20635","Szal jedwabny z wzorem orientalnym w kolorze szarym","172.000000"
"23770","16021","Szal jedwabny w kolorze złoto szarym","192.000000"
"23773","10425","Czarny wełniany szal indyjski Kani","269.000000"
"23773","6585","Wielokolorowy szal indyjski","129.000000"
"23773","21935","Brązowy szal wełniany z wzorem orientalnym","164.000000"
"23773","20586","Szal wełniany w kolorze fuksji","190.000000"
"23783","9692","Szal z wełny merino jamawar","219.000000"
"23783","12599","Czapka z wełny w kolorze beżowym","119.000000"
"23826","15230","LIMITED EDITION, Pomarańczowy szal jedwabny, wzór orientalny","224.000000"
"23826","6592","Czerwono pomarańczowy szal indyjski","129.000000"
"23826","17522","Pomarańczowy szal jedwabny, wzór orientalny","172.000000"
"23838","19911","Czarny szal wełniany z wzorem orientalnym","312.000000"
"23838","6585","Wielokolorowy szal indyjski","129.000000"
"23851","12976","Czapka z wełny w kolorze perłowo szarym","119.000000"
"23851","20111","Delikatny szal kaszmirowy w kolorze perłowo szarym","465.000000"
"23852","21072","Żółty szalik męski kaszmirowy","259.000000"
"23852","21202","Szalik męski kaszmirowy biały","259.000000"
"23852","21076","Czarny szalik męski kaszmirowy","259.000000"
"23853","20784","Szal jedwabny dwustronny, w kolorze złoto czarnym","192.000000"
"23853","15349","Szal jedwabny dwustronny, w kolorze delikatnym różowo czarnym","155.000000"
"23871","23600","Bordowy szal wełniany KULLU","260.000000"
"23871","23606","Czerwony szal wełniany KULLU","274.000000"
"23871","21994","Granatowy szal wełniany KULLU","274.000000"
"23871","2173","Szal indyjski","99.000000"
"23872","9558","Czapka z kaszmiru w kolorze różowym","179.000000"
"23872","3111","Śliczny ręcznie wykonany szalik z kaszmiru w kolorze różowym","160.000000"
"23874","23634","Szal wełniany KULLU w kolorze ecru","274.000000"
"23874","23626","Granatowy szal wełniany KULLU","260.000000"
"23881","17453","LIMITED EDITION, złoty szal jedwabny, wzór orientalny","224.000000"
"23881","23267","Szal jedwabny z wzorem orientalnym w kolorze zielonym","192.000000"
"23954","20581","Szal jedwabny dwustronny, w kolorze srebrno czarnym","192.000000"
"23954","21475","Czapka zimowa w kolorze szarym","179.000000"
"23955","20581","Szal jedwabny dwustronny, w kolorze srebrno czarnym","192.000000"
"23955","21231","Granatowy szal komin kaszmirowy dwukolorowy","435.000000"
"23960","21104","Różowy szal kaszmirowy","299.000000"
"23960","21093","Beżowy szal kaszmirowy","299.000000"
"23962","21104","Różowy szal kaszmirowy","299.000000"
"23962","21093","Beżowy szal kaszmirowy","299.000000"
"23968","20610","Szal jedwabny dwustronny w kolorze szafirowym","192.000000"
"23968","14040","Szal z jedwabiu dwustronny, w kolorze miedzianym","172.000000"
"23970","21090","Szal kaszmirowy w kolorze francuskiego fioletu","299.000000"
"23970","17429","Szal jedwabny dwustronny, w kolorze wiśniowym","192.000000"
"23973","21090","Szal kaszmirowy w kolorze francuskiego fioletu","299.000000"
"23973","17429","Szal jedwabny dwustronny, w kolorze wiśniowym","192.000000"
"23974","20046","Wyszywany szal wełniany Aari w kolorze czarnym","199.000000"
"23974","13232","Szal z wełny w kolorze czarnym","139.000000"
"23974","20952","Szalik wełniany z alpaki czerwony","259.000000"
"23974","9887","Szal z wełny w kolorze ecru","139.000000"
"23974","20934","Szalik wełniany z alpaki szary","249.000000"
"23975","21090","Szal kaszmirowy w kolorze francuskiego fioletu","299.000000"
"23975","17429","Szal jedwabny dwustronny, w kolorze wiśniowym","192.000000"
"23975","9517","Szal żakardowy z wełny merino w kolorze czerwonym","190.000000"
"23980","17429","Szal jedwabny dwustronny, w kolorze wiśniowym","192.000000"
"23980","15432","Szal z wełny merino cieniowany w kolorze czerwono bordowym","190.000000"
"23981","17429","Szal jedwabny dwustronny, w kolorze wiśniowym","192.000000"
"23981","15432","Szal z wełny merino cieniowany w kolorze czerwono bordowym","190.000000"
"23983","15432","Szal z wełny merino cieniowany w kolorze czerwono bordowym","190.000000"
"23983","9517","Szal żakardowy z wełny merino w kolorze czerwonym","190.000000"
"23985","6585","Wielokolorowy szal indyjski","129.000000"
"23985","10202","Chusta indyjska ze wzorem orientalnym","149.000000"
"23984","6585","Wielokolorowy szal indyjski","129.000000"
"23984","10202","Chusta indyjska ze wzorem orientalnym","149.000000"
"23986","21710","LIMITED EDITION, Miedziany szal jedwabny, wzór orientalny","224.000000"
"23986","11920","Szal z jedwabiu dwustronny, w kolorze zielonym","172.000000"
"23986","219","Szal indyjski w kolorze czerwono-bordowym","59.000000"
"23998","20595","Szal kaszmirowy w kolorze ecru","377.000000"
"23998","21075","Czarny szalik męski kaszmirowy","259.000000"
"23999","20595","Szal kaszmirowy w kolorze ecru","377.000000"
"23999","21075","Czarny szalik męski kaszmirowy","259.000000"
"24000","20595","Szal kaszmirowy w kolorze ecru","377.000000"
"24000","21075","Czarny szalik męski kaszmirowy","259.000000"
"24001","20595","Szal kaszmirowy w kolorze ecru","377.000000"
"24001","21075","Czarny szalik męski kaszmirowy","259.000000"
"24002","20595","Szal kaszmirowy w kolorze ecru","377.000000"
"24002","21075","Czarny szalik męski kaszmirowy","259.000000"
"24004","23901","Szal z jedwabiu dwustronny, w kolorze złotym","192.000000"
"24004","13350","Szal z wełny w kolorze granatowo niebieskim","139.000000"
"24019","5695","Wyszywany szal Aari z wełny merino w kolorze granatowym","209.000000"
"24019","20626","Szal jedwabny z wzorem orientalnym w kolorze fioletowym","172.000000"
"24019","20549","Szal jedwabny z wzorem orientalnym w kolorze turkusowym","172.000000"
"24024","2753","Ręcznie malowany szal o wzorze współczesnym","105.000000"
"24024","2741","Ręcznie malowany szal o wzorze współczesnym","105.000000"
"24024","11368","Różowy szal jedwabny, wzór orientalny","146.000000"
"24025","16033","Szal jedwabny w kolorze zielonym","192.000000"
"24025","15249","LIMITED EDITION, Zielony szal jedwabny, wzór orientalny","224.000000"
"24025","11920","Szal z jedwabiu dwustronny, w kolorze zielonym","172.000000"
"24029","10194","Chusta indyjska ze wzorem orientalnym","149.000000"
"24029","2741","Ręcznie malowany szal o wzorze współczesnym","105.000000"
"24030","2753","Ręcznie malowany szal o wzorze współczesnym","105.000000"
"24030","2741","Ręcznie malowany szal o wzorze współczesnym","105.000000"
"24037","23927","LIMITED EDITION, Czerwony szal jedwabny, wzór orientalny","224.000000"
"24037","23933","LIMITED EDITION, Złoty szal jedwabny, wzór orientalny","224.000000"
"24037","23942","Szal jedwabny z wzorem orientalnym w kolorze różowym","192.000000"
"24037","23945","LIMITED EDITION, Zielony szal jedwabny, wzór orientalny","224.000000"
"24055","23703","Czapka zimowa w kolorze szarym","179.000000"
"24055","23715","Czapka zimowa w kolorze granatowym","179.000000"
"24055","21536","Czapka zimowa w kolorze czarnym","185.000000"
"24073","9897","Szal z wełny w kolorze kobaltowym","139.000000"
"24073","21994","Granatowy szal wełniany KULLU","274.000000"
"24073","2756","Wyszywany szal z wełny w kolorze jasno niebieskim","125.000000"
"24074","21087","Czarny szal kaszmirowy","299.000000"
"24074","21178","Czarny szal kaszmirowy","385.000000"
"24092","23824","Szal jedwabny dwustronny, w kolorze błękitnym","172.000000"
"24092","18988","Niebieski dwustronny szal z jedwabiu","192.000000"
"24096","12250","Wyszywany szal Aari z wełny merino w kolorze jasno brązowym","349.000000"
"24096","23396","Pomarańczowy szal wełniany z wzorem orientalnym","164.000000"
"24096","6901","Szal indyjski w kolorze złotym, wzór orientalny","120.000000"
"24096","9750","Szal wieczorowy z kaszmiru w kolorze łososiowym","235.000000"
"24120","24078","LIMITED EDITION, Złoty szal jedwabny, wzór orientalny","224.000000"
"24120","23603","Czarny szal wełniany KULLU","260.000000"
"24128","5367","Szal z wełny ze wzorem żakardowym w kolorze pomarańczowym","125.000000"
"24128","24051","Szal jedwabny z wzorem orientalnym w kolorze srebrnym","192.000000"
"24130","15349","Szal jedwabny dwustronny, w kolorze delikatnym różowo czarnym","155.000000"
"24130","20708","Szal wełniany ze wzorem żakardowym w kolorze ecru","129.000000"
"24132","21433","Czapka zimowa w kolorze niebieskim","179.000000"
"24132","21429","Czapka zimowa w kolorze szarym","179.000000"
"24134","23626","Granatowy szal wełniany KULLU","260.000000"
"24134","23634","Szal wełniany KULLU w kolorze ecru","274.000000"
"24134","20203","Wyszywany szal wełniany Aari w kolorze zielonym","378.000000"
